<?xml version="1.0" encoding="UTF-8"?>
<root>
  <item name="us.zoom.androidlib.material.ZMViewPagerBottomSheetBehavior int getState()">
    <annotation name="androidx.annotation.IntDef">
      <val name="value" val="{us.zoom.androidlib.material.ZMViewPagerBottomSheetBehavior.STATE_EXPANDED, us.zoom.androidlib.material.ZMViewPagerBottomSheetBehavior.STATE_COLLAPSED, us.zoom.androidlib.material.ZMViewPagerBottomSheetBehavior.STATE_DRAGGING, us.zoom.androidlib.material.ZMViewPagerBottomSheetBehavior.STATE_SETTLING, us.zoom.androidlib.material.ZMViewPagerBottomSheetBehavior.STATE_HIDDEN}" />
    </annotation>
  </item>
  <item name="us.zoom.androidlib.material.ZMViewPagerBottomSheetBehavior mState">
    <annotation name="androidx.annotation.IntDef">
      <val name="value" val="{us.zoom.androidlib.material.ZMViewPagerBottomSheetBehavior.STATE_EXPANDED, us.zoom.androidlib.material.ZMViewPagerBottomSheetBehavior.STATE_COLLAPSED, us.zoom.androidlib.material.ZMViewPagerBottomSheetBehavior.STATE_DRAGGING, us.zoom.androidlib.material.ZMViewPagerBottomSheetBehavior.STATE_SETTLING, us.zoom.androidlib.material.ZMViewPagerBottomSheetBehavior.STATE_HIDDEN}" />
    </annotation>
  </item>
  <item name="us.zoom.androidlib.material.ZMViewPagerBottomSheetBehavior void setState(int) 0">
    <annotation name="androidx.annotation.IntDef">
      <val name="value" val="{us.zoom.androidlib.material.ZMViewPagerBottomSheetBehavior.STATE_EXPANDED, us.zoom.androidlib.material.ZMViewPagerBottomSheetBehavior.STATE_COLLAPSED, us.zoom.androidlib.material.ZMViewPagerBottomSheetBehavior.STATE_DRAGGING, us.zoom.androidlib.material.ZMViewPagerBottomSheetBehavior.STATE_SETTLING, us.zoom.androidlib.material.ZMViewPagerBottomSheetBehavior.STATE_HIDDEN}" />
    </annotation>
  </item>
  <item name="us.zoom.androidlib.material.ZMViewPagerBottomSheetBehavior void setStateInternal(int) 0">
    <annotation name="androidx.annotation.IntDef">
      <val name="value" val="{us.zoom.androidlib.material.ZMViewPagerBottomSheetBehavior.STATE_EXPANDED, us.zoom.androidlib.material.ZMViewPagerBottomSheetBehavior.STATE_COLLAPSED, us.zoom.androidlib.material.ZMViewPagerBottomSheetBehavior.STATE_DRAGGING, us.zoom.androidlib.material.ZMViewPagerBottomSheetBehavior.STATE_SETTLING, us.zoom.androidlib.material.ZMViewPagerBottomSheetBehavior.STATE_HIDDEN}" />
    </annotation>
  </item>
  <item name="us.zoom.androidlib.material.ZMViewPagerBottomSheetBehavior.BottomSheetCallback void onStateChanged(android.view.View, int) 1">
    <annotation name="androidx.annotation.IntDef">
      <val name="value" val="{us.zoom.androidlib.material.ZMViewPagerBottomSheetBehavior.STATE_EXPANDED, us.zoom.androidlib.material.ZMViewPagerBottomSheetBehavior.STATE_COLLAPSED, us.zoom.androidlib.material.ZMViewPagerBottomSheetBehavior.STATE_DRAGGING, us.zoom.androidlib.material.ZMViewPagerBottomSheetBehavior.STATE_SETTLING, us.zoom.androidlib.material.ZMViewPagerBottomSheetBehavior.STATE_HIDDEN}" />
    </annotation>
  </item>
  <item name="us.zoom.androidlib.material.ZMViewPagerBottomSheetBehavior.SavedState SavedState(android.os.Parcelable, int) 1">
    <annotation name="androidx.annotation.IntDef">
      <val name="value" val="{us.zoom.androidlib.material.ZMViewPagerBottomSheetBehavior.STATE_EXPANDED, us.zoom.androidlib.material.ZMViewPagerBottomSheetBehavior.STATE_COLLAPSED, us.zoom.androidlib.material.ZMViewPagerBottomSheetBehavior.STATE_DRAGGING, us.zoom.androidlib.material.ZMViewPagerBottomSheetBehavior.STATE_SETTLING, us.zoom.androidlib.material.ZMViewPagerBottomSheetBehavior.STATE_HIDDEN}" />
    </annotation>
  </item>
  <item name="us.zoom.androidlib.material.ZMViewPagerBottomSheetBehavior.SavedState state">
    <annotation name="androidx.annotation.IntDef">
      <val name="value" val="{us.zoom.androidlib.material.ZMViewPagerBottomSheetBehavior.STATE_EXPANDED, us.zoom.androidlib.material.ZMViewPagerBottomSheetBehavior.STATE_COLLAPSED, us.zoom.androidlib.material.ZMViewPagerBottomSheetBehavior.STATE_DRAGGING, us.zoom.androidlib.material.ZMViewPagerBottomSheetBehavior.STATE_SETTLING, us.zoom.androidlib.material.ZMViewPagerBottomSheetBehavior.STATE_HIDDEN}" />
    </annotation>
  </item>
  <item name="us.zoom.androidlib.material.ZMViewPagerBottomSheetBehavior.SettleRunnable SettleRunnable(android.view.View, int) 1">
    <annotation name="androidx.annotation.IntDef">
      <val name="value" val="{us.zoom.androidlib.material.ZMViewPagerBottomSheetBehavior.STATE_EXPANDED, us.zoom.androidlib.material.ZMViewPagerBottomSheetBehavior.STATE_COLLAPSED, us.zoom.androidlib.material.ZMViewPagerBottomSheetBehavior.STATE_DRAGGING, us.zoom.androidlib.material.ZMViewPagerBottomSheetBehavior.STATE_SETTLING, us.zoom.androidlib.material.ZMViewPagerBottomSheetBehavior.STATE_HIDDEN}" />
    </annotation>
  </item>
  <item name="us.zoom.androidlib.material.ZMViewPagerBottomSheetBehavior.SettleRunnable mTargetState">
    <annotation name="androidx.annotation.IntDef">
      <val name="value" val="{us.zoom.androidlib.material.ZMViewPagerBottomSheetBehavior.STATE_EXPANDED, us.zoom.androidlib.material.ZMViewPagerBottomSheetBehavior.STATE_COLLAPSED, us.zoom.androidlib.material.ZMViewPagerBottomSheetBehavior.STATE_DRAGGING, us.zoom.androidlib.material.ZMViewPagerBottomSheetBehavior.STATE_SETTLING, us.zoom.androidlib.material.ZMViewPagerBottomSheetBehavior.STATE_HIDDEN}" />
    </annotation>
  </item>
  <item name="us.zoom.androidlib.material.ZMViewPagerBottomSheetBehavior.State">
    <annotation name="androidx.annotation.IntDef">
      <val name="value" val="{us.zoom.androidlib.material.ZMViewPagerBottomSheetBehavior.STATE_EXPANDED, us.zoom.androidlib.material.ZMViewPagerBottomSheetBehavior.STATE_COLLAPSED, us.zoom.androidlib.material.ZMViewPagerBottomSheetBehavior.STATE_DRAGGING, us.zoom.androidlib.material.ZMViewPagerBottomSheetBehavior.STATE_SETTLING, us.zoom.androidlib.material.ZMViewPagerBottomSheetBehavior.STATE_HIDDEN}" />
    </annotation>
  </item>
</root>

