<?xml version="1.0" encoding="UTF-8"?>
<root>
  <item name="us.zoom.androidlib.util.CaptionStyleCompat CaptionStyleCompat(int, int, int, int, int, android.graphics.Typeface) 3">
    <annotation name="androidx.annotation.IntDef">
      <val name="value" val="{us.zoom.androidlib.util.CaptionStyleCompat.EDGE_TYPE_NONE, us.zoom.androidlib.util.CaptionStyleCompat.EDGE_TYPE_OUTLINE, us.zoom.androidlib.util.CaptionStyleCompat.EDGE_TYPE_DROP_SHADOW, us.zoom.androidlib.util.CaptionStyleCompat.EDGE_TYPE_RAISED, us.zoom.androidlib.util.CaptionStyleCompat.EDGE_TYPE_DEPRESSED}" />
    </annotation>
  </item>
  <item name="us.zoom.androidlib.util.CaptionStyleCompat edgeType">
    <annotation name="androidx.annotation.IntDef">
      <val name="value" val="{us.zoom.androidlib.util.CaptionStyleCompat.EDGE_TYPE_NONE, us.zoom.androidlib.util.CaptionStyleCompat.EDGE_TYPE_OUTLINE, us.zoom.androidlib.util.CaptionStyleCompat.EDGE_TYPE_DROP_SHADOW, us.zoom.androidlib.util.CaptionStyleCompat.EDGE_TYPE_RAISED, us.zoom.androidlib.util.CaptionStyleCompat.EDGE_TYPE_DEPRESSED}" />
    </annotation>
  </item>
  <item name="us.zoom.androidlib.util.CaptionStyleCompat.EdgeType">
    <annotation name="androidx.annotation.IntDef">
      <val name="value" val="{us.zoom.androidlib.util.CaptionStyleCompat.EDGE_TYPE_NONE, us.zoom.androidlib.util.CaptionStyleCompat.EDGE_TYPE_OUTLINE, us.zoom.androidlib.util.CaptionStyleCompat.EDGE_TYPE_DROP_SHADOW, us.zoom.androidlib.util.CaptionStyleCompat.EDGE_TYPE_RAISED, us.zoom.androidlib.util.CaptionStyleCompat.EDGE_TYPE_DEPRESSED}" />
    </annotation>
  </item>
</root>

